INSERT INTO port
VALUES
('Port Bachelor', 'Savannah', 'US');

INSERT INTO port
VALUES 
('Port of Gold', 'Juneau', 'US');

INSERT INTO port
VALUES 
('Castle Port', 'Cardiff', 'UK');

INSERT INTO port 
VALUES 
('Park Port', 'Birkenhead', 'UK');

INSERT INTO port
VALUE 
('Port of Lumpia', 'Cebu', 'PI');

INSERT INTO ship 
VALUE 
('Harry', '200029', 'James', '30', 'Port Bachelor', '2021');

INSERT INTO ship
VALUE
('Ron', '200056', 'Molly', '22', 'Port of Gold', '2018');

INSERT INTO ship
VALUE 
('Hermione', '200032', 'Muggle', '29', 'Port of Gold', '2022');

INSERT INTO ship
VALUE 
('Snape', '200005', 'Lily', '21', 'Port of Gold', '2008');

INSERT INTO ship
VALUE 
('Dobby', '200040', 'Creature', '26', 'Castle Port', '2006');

INSERT INTO ship
VALUE
('Dumbledore', '200005', 'Gellert', '23', 'Castle Port', '2011');

INSERT INTO ship
VALUE 
('Hagrid', '200022', 'Dragon', '24', 'Port of Lumpia', '2015'); 

INSERT INTO ship
VALUE 
('Sirius', '200011', 'Black', '28', 'Castle Port', '2009');

INSERT INTO ship
VALUE 
('Voldemort', '200049', 'Horcrux', '25', 'Park Port', '2019');

INSERT INTO ship
VALUE 
('McGonagall', '200000', 'Meow', '20', 'Park Port', '2017');
 
INSERT INTO container
VALUE
('001', '10', '8', '9', '13375', 'S7');

INSERT INTO container
VALUE
('002', '10', '8', '9', '6082', 'S7');

INSERT INTO container
VALUE
('003', '10', '8', '9', '11864', 'S7');

INSERT INTO container
VALUE
('004', '10', '8', '9', '11910', 'S7');

INSERT INTO container
VALUE
('005', '20', '8', '9', '15827', 'S1');

INSERT INTO container
VALUE
('006', '20', '8', '9', '34246', 'S2');

INSERT INTO container
VALUE
('007', '20', '8', '9', '17030', 'S3');

INSERT INTO container
VALUE
('008', '20', '8', '9', '10584', 'S4');

INSERT INTO container
VALUE
('009', '20', '8', '9', '38657', 'S5');

INSERT INTO container
VALUE
('010', '20', '8', '9', '9054', 'S6');

INSERT INTO container
VALUE
('011', '20', '8', '9', '13389', 'S8');

INSERT INTO container
VALUE
('012', '20', '8', '9', '47734', 'S9');

INSERT INTO container
VALUE
('013', '40', '8', '9', '43060', 'S1');

INSERT INTO container
VALUE
('014', '40', '8', '9', '44161', 'S2');

INSERT INTO container
VALUE
('015', '40', '8', '9', '34339', 'S2');

INSERT INTO container
VALUE
('016', '40', '8', '9', '47159', 'S3');

INSERT INTO container
VALUE
('017', '40', '8', '9', '41191', 'S5');

INSERT INTO container
VALUE
('018', '40', '8', '9', '8157', 'S8');

INSERT INTO container
VALUE
('019', '40', '8', '9', '22071', 'S9');

INSERT INTO container
VALUE
('020', '40', '8', '9', '27477', 'S9');
